Screen Name,Event Action,Sessions
authorization_pin,feed_operations,"102,360"
feed_payment_details_operation,action_operation_repeat,"16,440"
payment_otp,payment_submit,"15,070"
menu_payments,feed_operations,"14,372"
authorization_otp,otp_succeed,"11,954"
payment_contragent_sum,payment_submit,"10,453"
feed_payment_details_operation,payment_start,"8,391"
tab_create_payment,payment_start,"7,967"
payment_contragent_sum,payment_nds,"7,318"
menu_payments,feed_submitted,"7,285"
menu_payments,payment_start,"7,005"
authorization_pin_set,auth_pin_set,"6,677"
chat_dialogs,feed_operations,"6,313"
cards_list,cards_cards_list_open,"6,219"
payment_contragent_sum,feed_operations,"6,170"
menu_payments,feed_drafts,"5,864"
settings,feed_operations,"5,497"
authorization_pin,account_details,"5,072"
main_filters,feed_operations,"5,044"
feed_payment_details_operation,popup_share_operation,"3,899"
analytics_cashflow,feed_operations,"3,872"
authorization_pin_set,feed_operations,"3,699"
chat_messages,chat_message_send,"3,445"
settings,tariff_tap,"3,141"
cards_list,feed_operations,"2,954"
menu_payments,feed_signing,"2,924"
authorization_otp,feed_operations,"2,667"
authorization_login,popup_auth_recovery,"2,153"
application_short,application_start,"1,681"
cards_details,feed_operations,"1,671"
feed_payment_details_unsigned,action_unsigned_sign,"1,622"
feed_payment_details_submitted,feed_operations,"1,595"
chat_dialogs,chat_new_dialog,"1,576"
feed_payment_details_draft,action_draft_send,"1,420"
chat_messages,chat_new_dialog,"1,415"
cards_list,cards_ci_list_open,"1,403"
map_replenish,map_enter,"1,372"
main,feed_operations,"1,357"
menu_payments,action_draft_delete,"1,283"
feed_payment_details_draft,action_draft_delete,"1,269"
feed_payment_details_draft,payment_start,"1,252"
authorization_pin,auth_pin_block,"1,233"
authorization_pin,feed_search_start,"1,233"
menu_payments,account_details,"1,223"
feed_payment_details_draft,action_draft_edit,"1,197"
analytics_categories,feed_operations,"1,137"
rateme,rateme_positive,"1,127"
authorization_pin,feed_search_request,"1,091"
feed_payment_details_draft,feed_operations,"1,090"
analytics_cashflow,account_details,"1,031"
authorization_otp,otp_failed,"1,019"
settings,account_details,935
feed_payment_details_operation,feed_operations,932
feed_payment_details_submitted,action_submitted_cancel,919
payment_photo_sum,payment_submit,919
payment_photo_sum,payment_nds,889
main_filters,account_details,871
feed_payment_details_operation,account_details,847
chat_dialogs,account_details,787
payment_otp,rateme_open,784
authorization_otp,otp_resend,767
integrations_list,account_details,758
authorization_login,recovery_call,741
integrations_list,feed_operations,699
payment_contragent_sum,payment_flow_share_open,676
cards_details,cards_ci_list_open,655
menu_payments,action_unsigned_sign,624
rateme,rateme_close,600
feed_payment_details_draft,feed_submitted,599
analytics_categories,analytics_counterparties,574
feed_payment_details_operation,share_outer_operation,553
cards_details,cards_activate,538
ci_list,feed_operations,521
main,popup_share_operation,515
main_filters,feed_export_preview,515
feed_payment_details_operation,share_self_operation,512
payment_tb,feed_operations,508
authorization_login,feed_operations,492
cards_list,account_details,487
menu_payments,feed_search_start,454
feed_payment_details_unsigned,feed_operations,448
map_replenish,map_choose,446
feed_payment_details_operation,share_email_operation,438
feed_payment_details_submitted,action_submitted_repeat,429
feed_payment_details_submitted,feed_drafts,419
payment_contragent_sum,feed_search_cancel,416
chat_messages,chat_file_send,402
authorization_pin,feed_search_cancel,390
payment_contragent_sum,payment_start_favourite,378
payment_contragent_initial,action_draft_edit,366
menu_payments,feed_search_request,347
payment_contragent_sum,action_draft_edit,346
counterparty_list,feed_operations,337
authorization_pin,popup_share_operation,333
cards_details,cards_cards_list_open,333
payment_photo_gallery,chat_file_choose,332
tariff,feed_operations,317
application_short,application_successful,306
feed_payment_details_operation,feed_search_cancel,297
payment_contragent_sum,payment_flow_share_close,297
menu_payments,action_declined_delete,294
menu_payments,feed_search_cancel,294
feed_payment_details_operation,feed_search_request,278
feed_payment_details_operation,feed_search_start,274
menu_payments,action_submitted_cancel,271
feed_payment_details_signed,action_signed_submit,261
cards_details,account_details,254
feed_payment_details_declined,action_declined_delete,248
authorization_pin_set,account_details,247
feed_payment_details_declined,action_declined_repeat,245
payment_taxes_sum,payment_submit,241
feed_payment_details_submitted,payment_start,238
analytics_categories,account_details,237
payment_contragent_initial,action_draft_delete,237
payment_otp,action_draft_delete,237
main,feed_drafts,230
application_short,popup_auth_recovery,225
main,share_outer_operation,223
chat_messages,chat_file_choose,208
feed_payment_details_declined,feed_operations,205
feed_payment_details_unsigned,feed_submitted,202
rateme,feed_operations,202
menu_payments,action_draft_send,197
payment_photo_cam,payment_start,192
tab_create_payment,payment_start_favourite,192
counterparty_details,payment_start,185
main,payment_start,185
feed_payment_details_declined,payment_start,184
payment_contragent_sum,account_details,184
invoice_pdf,invoice_pdf,178
payment_contragent_sum,payment_signing,178
payment_otp,payment_start,171
cards_limits,cards_limit,168
feed_payment_details_declined,action_draft_delete,162
main,feed_signing,161
payment_photo_sum,payment_flow_share_open,159
feed_payment_details_declined,action_operation_repeat,154
invoice_pdf,invoice_share,152
authorization_otp,account_details,148
main,feed_submitted,148
main_filters,feed_search_start,146
feed_payment_details_draft,feed_drafts,145
payment_otp,action_draft_edit,144
main,share_email_operation,142
payment_contragent_sum,feed_search_request,142
payment_taxes_sum,feed_operations,142
feed_payment_details_submitted,feed_submitted,141
payment_photo_gallery,payment_start,141
counterparty_details,feed_operations,138
feed_payment_details_draft,feed_signing,138
payment_taxes_sum,payment_nds,136
main,action_operation_repeat,132
main,share_self_operation,126
feed_payment_details_unsigned,feed_drafts,125
authorization_pin,share_email_operation,123
counterparty_list,payment_start,116
feed_payment_details_submitted,action_draft_delete,116
payment_contragent_sum,feed_search_start,115
cards_list,cards_card_request,113
feed_payment_details_submitted,feed_signing,113
payment__bank,action_draft_delete,106
settings,popup_share_operation,106
main_filters,feed_search_cancel,99
menu_payments,popup_share_operation,98
payment_otp,feed_operations,98
main_filters,feed_search_request,96
payment_taxes_initial,action_draft_delete,95
rateme,feed_submitted,95
feed_payment_details_signed,feed_submitted,92
authorization_pin,share_outer_operation,89
payment_budget_sum,payment_submit,89
payment_photo_cam,chat_file_choose,89
feed_payment_details_signed,action_signed_cancel,88
main_filters,popup_share_operation,88
feed_payment_details_signed,feed_operations,86
chat_messages,cards_ci_list_open,85
cards_limits,cards_ci_list_open,83
application_short,recovery_call,82
feed_payment_details_submitted,account_details,75
payment_photo_cam,chat_file_send,75
map_replenish,feed_operations,73
feed_payment_details_unsigned,action_unsigned_cancel,70
ci_list,account_details,69
feed_payment_details_declined,feed_drafts,69
tariff,tariff_tap,67
payment_budget_sum,payment_nds,60
feed_payment_details_operation,share_sms_operation,59
feed_payment_details_unsigned,feed_signing,59
payment_budget_initial,action_draft_delete,56
payment_contragent_bank,action_draft_edit,56
analytics_cashflow,popup_share_operation,53
chat_dialogs,feed_search_start,53
main,share_sms_operation,53
payment_budget_sum,feed_operations,53
feed_payment_details_draft,account_details,52
payment_photo_initial,action_draft_delete,47
payment_taxes_sum,action_draft_edit,47
settings,feed_search_start,47
chat_messages,cards_cards_list_open,46
settings,feed_search_cancel,46
cards_list,popup_share_operation,45
payment_photo_sum,payment_flow_share_close,45
authorization_pin,share_self_operation,43
chat_dialogs,popup_share_operation,43
payment_contragent_sum,action_draft_delete,43
payment_otp,feed_signing,43
application_short,feed_operations,42
chat_dialogs,feed_search_cancel,42
main,feed_search_request,42
main,feed_search_start,42
menu_payments,action_unsigned_cancel,42
payment_otp,action_unsigned_sign,42
payment_otp,feed_drafts,42
payment_otp,payment_nds,42
authorization_pin,share_sms_operation,40
chat_dialogs,feed_search_request,40
menu_payments,action_signed_cancel,40
payment_taxes_initial,action_draft_edit,40
authorization_pin,feed_export_preview,39
feed_payment_details_signed,feed_drafts,39
menu_payments,action_submitted_repeat,39
feed_payment_details_draft,feed_search_start,37
payment_closing_sum,payment_submit,37
payment_otp,feed_submitted,37
settings,share_outer_operation,37
feed_payment_details_operation,feed_drafts,36
payment_otp,action_declined_delete,36
rateme,payment_start,36
counterparty_list,account_details,33
feed_payment_details_declined,feed_submitted,33
feed_payment_details_draft,feed_search_request,33
main_filters,share_outer_operation,33
integrations_list,popup_share_operation,30
analytics_cashflow,feed_search_start,29
cards_limits,cards_cards_list_open,29
tab_create_payment,action_draft_delete,29
cards_details,cards_card_request,27
menu_payments,share_outer_operation,27
menu_payments,share_self_operation,27
settings,share_self_operation,27
tariff,account_details,27
application_short,application_failed,26
authorization_login,account_details,26
feed_payment_details_declined,feed_signing,26
payment_otp,action_submitted_cancel,26
settings,share_email_operation,26
feed_payment_details_signed,action_draft_delete,24
menu_payments,action_declined_repeat,24
analytics_cashflow,share_outer_operation,23
authorization_pin_set,popup_share_operation,23
cards_details,popup_share_operation,23
feed_payment_details_operation,feed_signing,23
menu_payments,action_draft_edit,23
menu_payments,share_email_operation,23
payment_budget_sum,action_draft_edit,23
ci_list,popup_share_operation,22
feed_payment_details_operation,feed_export_preview,22
feed_payment_details_submitted,feed_search_start,22
main_filters,share_email_operation,22
rateme,account_details,22
rateme,rateme_negative,22
feed_payment_details_declined,account_details,20
feed_payment_details_draft,feed_search_cancel,20
menu_main,feed_drafts,20
menu_payments,action_signed_submit,20
payment_contragent_bank,feed_operations,20
payment_photo_sum,payment_signing,20
payment_taxes_tax,action_draft_edit,20
ru.tinkoff.sme.ui.activity.LoginActivity,min_version_notify,20
settings,feed_search_request,20
analytics_cashflow,share_email_operation,19
main,feed_search_cancel,19
payment_contragent_bank,action_draft_delete,19
analytics_cashflow,feed_search_cancel,17
feed_payment_details_submitted,feed_search_request,17
main,action_draft_delete,17
main_filters,share_self_operation,17
menu_main,feed_operations,17
payment_taxes_budget,action_draft_edit,17
analytics_cashflow,feed_search_request,16
cards_list,feed_search_start,16
chat_dialogs,share_sms_operation,16
feed_payment_details_draft,action_declined_delete,16
payment_budget_initial,action_draft_edit,16
payment_otp,action_operation_repeat,16
rateme,feed_drafts,16
rateme,feed_search_cancel,16
rateme,feed_search_request,16
ru.tinkoff.sme.ui.activity.LoginActivity,min_version_upgrade,16
analytics_categories,popup_share_operation,14
authorization_pin_set,share_email_operation,14
cards_list,feed_search_cancel,14
cards_list,share_outer_operation,14
feed_payment_details_operation,feed_submitted,14
feed_payment_details_signed,feed_signing,14
feed_payment_details_submitted,action_declined_delete,14
payment_otp,feed_search_start,14
settings,share_sms_operation,14
chat_dialogs,share_email_operation,13
feed_payment_details_submitted,feed_search_cancel,13
main,action_unsigned_sign,13
payment_budget_sum,payment_signing,13
authorization_otp,popup_share_operation,11
cards_details,cards_reissue,11
cards_list,share_email_operation,11
feed_payment_details_draft,action_submitted_cancel,11
feed_payment_details_unsigned,account_details,11
feed_payment_details_unsigned,action_draft_delete,11
feed_payment_details_unsigned,payment_start,11
payment_contragent_initial,payment_start,11
payment_contragent_sum,payment_start,11
payment_otp,feed_search_cancel,11
payment_tb,account_details,11
authorization_otp,feed_search_start,10
cards_list,share_self_operation,10
chat_dialogs,share_outer_operation,10
chat_dialogs,share_self_operation,10
menu_main,feed_signing,10
menu_payments,share_sms_operation,10
payment_photo_gallery,chat_file_send,10
payment_taxes_tax,feed_operations,10
rateme,feed_signing,10
analytics_cashflow,share_sms_operation,9
cards_details,cards_block,9
cards_details,share_outer_operation,9
cards_list,cards_ci_request,9
counterparty_list,feed_search_start,9
feed_payment_details_operation,cards_ci_list_open,9
integrations_list,share_outer_operation,9
menu_main,feed_submitted,9
payment_budget_budget,action_draft_edit,9
payment_contragent_initial,feed_drafts,9
payment_contragent_initial,feed_operations,9
payment_otp,action_unsigned_cancel,9
payment_taxes_sum,account_details,9
payment_taxes_sum,feed_search_cancel,9
rateme,action_draft_delete,9
rateme,feed_search_start,9
authorization_otp,share_email_operation,7
cards_details,feed_search_cancel,7
cards_details,feed_search_start,7
cards_list,feed_drafts,7
cards_list,feed_submitted,7
cards_list,share_sms_operation,7
chat_messages,cards_card_request,7
counterparty_details,payment_start_favourite,7
counterparty_list,feed_search_request,7
main,feed_export_preview,7
menu_main,payment_start,7
menu_payments,feed_export_preview,7
payment_contragent_initial,feed_search_start,7
payment_contragent_sum,popup_share_operation,7
payment_otp,action_draft_send,7
settings,cards_card_request,7
tab_create_payment,feed_search_cancel,7
tab_create_payment,feed_search_start,7
authorization_otp,feed_search_request,6
authorization_pin,authorization_login,6
authorization_pin_set,authorization_login,6
authorization_pin_set,share_outer_operation,6
cards_details,share_self_operation,6
cards_list,feed_search_request,6
cards_list,feed_signing,6
chat_messages,cards_activate,6
chat_messages,feed_operations,6
ci_list,share_email_operation,6
feed_payment_details_declined,action_submitted_repeat,6
feed_payment_details_operation,payment_nds,6
integrations_details,popup_share_operation,6
main,account_details,6
main_filters,share_sms_operation,6
map_replenish,map_go,6
payment_contragent_initial,feed_search_cancel,6
payment_otp,feed_search_request,6
payment_photo_bank,action_draft_delete,6
payment_taxes_sum,action_draft_delete,6
payment_taxes_sum,payment_signing,6
rateme,action_declined_delete,6
settings,authorization_login,6
settings,feed_export_preview,6
tariff,feed_search_request,6
tariff,feed_search_start,6
analytics_cashflow,action_operation_repeat,4
analytics_cashflow,feed_export_preview,4
analytics_cashflow,payment_start,4
analytics_cashflow,share_self_operation,4
analytics_categories,feed_search_start,4
analytics_categories,share_email_operation,4
analytics_categories,share_outer_operation,4
authorization_otp,feed_search_cancel,4
authorization_otp,popup_auth_recovery,4
authorization_pin_set,feed_search_cancel,4
authorization_pin_set,feed_search_request,4
authorization_pin_set,feed_search_start,4
cards_details,feed_search_request,4
cards_list,payment_start,4
chat_dialogs,feed_export_preview,4
ci_list,cards_ci_request,4
counterparty_details,feed_search_request,4
counterparty_details,feed_search_start,4
counterparty_list,action_draft_delete,4
counterparty_list,feed_search_cancel,4
feed_payment_details_operation,cards_cards_list_open,4
feed_payment_details_signed,account_details,4
feed_payment_details_signed,action_submitted_cancel,4
feed_payment_details_submitted,action_draft_edit,4
feed_payment_details_submitted,action_signed_cancel,4
feed_payment_details_submitted,action_unsigned_sign,4
integrations_list,share_email_operation,4
main_filters,feed_drafts,4
payment__bank,payment_nds,4
payment__bank,payment_start,4
payment__sum,payment_signing,4
payment_contragent_initial,action_operation_repeat,4
payment_contragent_sum,feed_drafts,4
payment_otp,popup_share_operation,4
payment_otp,rateme_positive,4
payment_photo_sum,action_draft_delete,4
payment_taxes_bank,action_draft_edit,4
payment_taxes_budget,feed_operations,4
payment_taxes_sum,feed_search_request,4
payment_taxes_sum,payment_start,4
payment_taxes_tax,action_draft_delete,4
ru.tinkoff.sme.ui.activity.LoginActivity,min_version_close,4
analytics_categories,feed_search_cancel,3
analytics_categories,feed_search_request,3
authorization_login,popup_share_operation,3
authorization_pin_set,share_sms_operation,3
cards_details,cards_ci_request,3
cards_details,share_email_operation,3
cards_details,share_sms_operation,3
cards_limits,cards_card_request,3
chat_contacts,chat_new_dialog,3
chat_dialogs,feed_signing,3
chat_messages,feed_drafts,3
chat_messages,feed_signing,3
ci_list,feed_search_cancel,3
ci_list,feed_search_start,3
ci_list,share_self_operation,3
counterparty_details,account_details,3
feed_payment_details_declined,feed_search_request,3
feed_payment_details_declined,feed_search_start,3
feed_payment_details_draft,action_unsigned_sign,3
feed_payment_details_draft,popup_share_operation,3
feed_payment_details_operation,action_draft_delete,3
feed_payment_details_signed,feed_search_cancel,3
feed_payment_details_signed,payment_start,3
feed_payment_details_submitted,action_draft_send,3
feed_payment_details_unsigned,action_declined_delete,3
feed_payment_details_unsigned,action_draft_send,3
feed_payment_details_unsigned,feed_search_cancel,3
feed_payment_details_unsigned,feed_search_request,3
feed_payment_details_unsigned,feed_search_start,3
integrations_details,share_outer_operation,3
integrations_list,feed_search_start,3
integrations_list,share_self_operation,3
main,payment_start_favourite,3
main_filters,feed_signing,3
main_filters,payment_start,3
map_replenish,account_details,3
payment__sum,payment_nds,3
payment_budget_sum,action_draft_delete,3
payment_contragent_bank,feed_search_cancel,3
payment_contragent_initial,action_declined_delete,3
payment_contragent_initial,feed_signing,3
payment_contragent_sum,action_declined_delete,3
payment_contragent_sum,action_operation_repeat,3
payment_contragent_sum,rateme_open,3
payment_otp,account_details,3
payment_photo_cam,action_draft_delete,3
payment_photo_initial,payment_start,3
payment_taxes_bank,feed_operations,3
payment_taxes_budget,action_draft_delete,3
payment_taxes_initial,feed_operations,3
payment_taxes_sum,action_operation_repeat,3
payment_tb,feed_search_cancel,3
rateme,action_draft_send,3
rateme,action_unsigned_sign,3
ru.tinkoff.sme.ui.activity.LoginActivity,first_launch,3
tariff,feed_search_cancel,3
analytics_cashflow,feed_drafts,1
analytics_categories,feed_export_preview,1
analytics_categories,share_self_operation,1
analytics_categories,share_sms_operation,1
authorization_otp,recovery_call,1
authorization_otp,share_outer_operation,1
authorization_otp,share_self_operation,1
authorization_pin_set,share_self_operation,1
cards_details,feed_drafts,1
cards_limits,cards_ci_request,1
chat_contacts,action_draft_delete,1
chat_contacts,feed_drafts,1
chat_contacts,feed_operations,1
chat_contacts,payment_start,1
chat_dialogs,auth_pin_block,1
chat_dialogs,feed_drafts,1
chat_dialogs,feed_submitted,1
chat_messages,cards_reissue,1
chat_messages,feed_submitted,1
chat_messages,payment_start,1
chat_messages,popup_share_operation,1
chat_messages,share_self_operation,1
ci_list,feed_export_preview,1
ci_list,feed_search_request,1
ci_list,share_outer_operation,1
ci_list,tariff_tap,1
counterparty_list,feed_export_preview,1
counterparty_list,popup_share_operation,1
counterparty_list,share_email_operation,1
counterparty_list,share_sms_operation,1
feed_payment_details_declined,action_signed_cancel,1
feed_payment_details_declined,action_submitted_cancel,1
feed_payment_details_declined,action_unsigned_sign,1
feed_payment_details_declined,feed_export_preview,1
feed_payment_details_declined,feed_search_cancel,1
feed_payment_details_draft,action_signed_cancel,1
feed_payment_details_draft,action_submitted_repeat,1
feed_payment_details_draft,share_self_operation,1
feed_payment_details_signed,feed_search_request,1
feed_payment_details_signed,feed_search_start,1
feed_payment_details_submitted,action_declined_repeat,1
feed_payment_details_submitted,action_unsigned_cancel,1
feed_payment_details_unsigned,action_signed_cancel,1
integrations_details,feed_drafts,1
integrations_details,feed_operations,1
integrations_details,feed_signing,1
integrations_details,feed_submitted,1
integrations_list,feed_search_cancel,1
integrations_list,feed_search_request,1
integrations_list,payment_start,1
integrations_list,share_sms_operation,1
main,action_signed_cancel,1
main,auth_pin_block,1
main_filters,feed_submitted,1
map_replenish,popup_share_operation,1
map_replenish,share_outer_operation,1
menu_main,action_draft_delete,1
menu_main,feed_search_request,1
menu_main,feed_search_start,1
menu_payments,cards_ci_request,1
payment__bank,action_operation_repeat,1
payment__bank,action_signed_cancel,1
payment__initial,payment_start,1
payment__sum,action_unsigned_cancel,1
payment__sum,payment_start,1
payment_budget_budget,action_draft_delete,1
payment_budget_budget,feed_operations,1
payment_budget_initial,feed_drafts,1
payment_budget_initial,feed_operations,1
payment_budget_initial,feed_search_cancel,1
payment_budget_initial,feed_search_start,1
payment_budget_initial,payment_start,1
payment_budget_sum,action_submitted_repeat,1
payment_budget_sum,feed_search_cancel,1
payment_budget_sum,feed_search_request,1
payment_budget_sum,feed_search_start,1
payment_budget_sum,payment_start,1
payment_closing_sum,account_details,1
payment_closing_sum,feed_operations,1
payment_contragent_bank,feed_search_request,1
payment_contragent_initial,feed_search_request,1
payment_contragent_initial,feed_submitted,1
payment_contragent_sum,feed_export_preview,1
payment_contragent_sum,share_email_operation,1
payment_contragent_sum,share_outer_operation,1
payment_otp,action_signed_cancel,1
payment_otp,action_submitted_repeat,1
payment_otp,payment_flow_share_open,1
payment_otp,rateme_close,1
payment_otp,share_email_operation,1
payment_photo_gallery,action_draft_delete,1
payment_photo_initial,action_declined_delete,1
payment_photo_initial,action_draft_edit,1
payment_photo_initial,feed_search_request,1
payment_photo_initial,feed_search_start,1
payment_photo_sum,rateme_open,1
payment_taxes_bank,payment_start,1
payment_taxes_initial,feed_search_start,1
payment_taxes_initial,payment_start,1
payment_taxes_sum,feed_search_start,1
payment_taxes_sum,popup_share_operation,1
payment_taxes_tax,account_details,1
rateme,action_submitted_cancel,1
rateme,popup_share_operation,1
rateme,share_self_operation,1
tab_create_payment,action_declined_delete,1
tab_create_payment,action_draft_edit,1
tab_create_payment,action_submitted_cancel,1
tab_create_payment,action_unsigned_sign,1
tab_create_payment,feed_search_request,1
tariff,feed_drafts,1
tariff,payment_start,1
tariff,popup_share_operation,1
tariff,share_outer_operation,1
